ID,Text,Label
1,We reserve the right to terminate your account at any time without notice.,Malicious
2,Your data will be shared with third parties for advertising purposes.,Malicious
3,You can cancel your subscription at any time without additional charges.,Benign
4,"The company is not responsible for any damages, even if advised of the possibility of losses.",Malicious
5,We value your privacy and will never sell your information to third parties.,Benign
6,Your account will be locked if you fail to verify your email within 24 hours.,Malicious
7,Please review our updated privacy policy for details on how we handle your information.,Benign
8,Failure to comply with our terms of service will result in immediate suspension of your account.,Malicious
9,We are committed to protecting your personal information and using it responsibly.,Benign
10,Click this link to claim your prize—limited time offer!,Malicious
11,You can easily update your preferences and settings through our user portal.,Benign
12,We are not liable for any loss of data or interruption in service.,Malicious
13,Enjoy a 30-day free trial with no obligation to continue.,Benign
14,Your account will be charged a $50 fee if you do not cancel before the trial ends.,Malicious
15,For your convenience we offer 24/7 customer support to assist with any issues.,Benign
16,Your login details have been compromised; please update your password immediately.,Malicious
17,We use state-of-the-art encryption to protect your sensitive information.,Benign
18,Click here to download the latest version of our app, which includes important security updates.,Benign
19,Failure to respond to this notification within 48 hours will result in a permanent ban from our services.,Malicious
20,We offer a no-questions-asked refund policy within the first 30 days of purchase.,Benign
21,Your recent payment could not be processed. Please provide your bank details again.,Malicious
22,We’re committed to providing you with the best service and support.,Benign
23,To continue using our service, you must agree to the new terms and conditions immediately.,Malicious
24,Our platform allows you to easily manage your subscription settings and preferences.,Benign
25,Your account has been flagged for suspicious activity; please verify your identity.,Malicious
26,Your account will be suspended if payment is not made within 24 hours.,Malicious
27,We are dedicated to maintaining a high standard of data protection and privacy.,Benign
28,To avoid service interruptions, update your billing information now.,Malicious
29,Enjoy free access to premium features for the first 30 days.,Benign
30,Click the link to verify your identity and unlock your account.,Malicious
31,You can easily adjust your subscription plan through your account settings.,Benign
32,Your recent transaction is under review. Please confirm your details to avoid delays.,Malicious
33,We have implemented the latest security measures to ensure your data is safe.,Benign
34,To keep your account active, please respond to this message immediately.,Malicious
35,Our support team is here to help with any questions or issues you may have.,Benign
36,You have a new message in your inbox. Click here to read it.,Malicious
37,We offer a hassle-free cancellation process for our subscription services.,Benign
38,Your account will be permanently closed if you do not confirm your email within 48 hours.,Malicious
39,We provide regular updates to improve our service and security features.,Benign
40,Confirm your payment method to continue enjoying uninterrupted service.,Malicious
41,Our customer service team is available 24/7 to assist you.,Benign
42,To ensure your account remains secure, please update your password regularly.,Benign
43,Click this link to resolve the issue with your recent payment.,Malicious
44,We have updated our privacy policy. Please review it to stay informed.,Benign
45,Immediate action required: Verify your account to avoid suspension.,Malicious
46,You can modify your contact preferences anytime through your user profile.,Benign
47,Your recent activity has triggered a security alert. Please confirm your identity.,Malicious
48,We respect your privacy and are committed to safeguarding your personal information.,Benign
49,Update your details to avoid service disruptions.,Malicious
50,Take advantage of our special offer and enjoy extra benefits.,Benign
51,Verify your account details to prevent unauthorized access.,Malicious
52,Our platform offers a variety of tools to enhance your user experience.,Benign
53,Your account will be deactivated if you fail to respond within 24 hours.,Malicious
54,We use industry-standard encryption to protect your data.,Benign
55,Immediate payment is required to avoid service interruption.,Malicious
56,We strive to provide you with a seamless and secure service.,Benign
57,Your recent login attempt was blocked. Please verify your account information.,Malicious
58,You can access your account and settings from our user dashboard.,Benign
59,Click here to reactivate your account after it was temporarily suspended.,Malicious
60,We are committed to maintaining transparency in how we handle your data.,Benign
61,Your subscription will be automatically renewed unless you cancel it.,Malicious
62,We offer a comprehensive help center for all your support needs.,Benign
63,To prevent your account from being locked, please verify your information now.,Malicious
64,We regularly update our security protocols to ensure your protection.,Benign
65,Confirm your email address to avoid any disruptions to your account.,Malicious
66,Enjoy a risk-free trial with our service to experience its full potential.,Benign
67,Your account is at risk of being closed. Take action now to prevent this.,Malicious
68,Our team is here to help you with any technical issues or questions.,Benign
69,Immediate verification required to continue using your account.,Malicious
70,We value your trust and are dedicated to protecting your personal information.,Benign
71,Your account will be restricted if you do not address this urgent issue.,Malicious
72,We provide secure and reliable service to all our users.,Benign
73,Act now to avoid a $25 late fee on your account.,Malicious
74,We offer easy access to manage your subscription and settings.,Benign
75,Your recent activity was flagged. Please confirm your details to prevent account suspension.,Malicious
76,We take your security seriously and implement robust protection measures.,Benign
77,Verify your account now to avoid any potential issues with your service.,Malicious
78,We offer a full refund if you are not satisfied within the first 30 days.,Benign
79,Your account may be suspended if you do not address this notification immediately.,Malicious
80,We continuously improve our security to safeguard your information.,Benign
81,To ensure uninterrupted service, please update your payment information now.,Malicious
82,We are committed to providing a secure and enjoyable user experience.,Benign
83,Your subscription will expire soon. Renew now to continue enjoying our services.,Malicious
84,Our support team is available to assist with any account issues.,Benign
85,Immediate action required: Verify your account to avoid further restrictions.,Malicious
86,We take pride in our transparent and user-friendly privacy policies.,Benign
87,Your account has been temporarily suspended. Click here to resolve the issue.,Malicious
88,We are here to support you with any questions or technical difficulties.,Benign
89,Confirm your payment details to avoid any interruption in service.,Malicious
90,We offer a secure platform for managing your personal information.,Benign
91,Your account access is at risk. Verify your details to prevent suspension.,Malicious
92,We regularly audit our security measures to ensure the highest protection.,Benign
93,Your account will be locked if you do not provide the requested information.,Malicious
94,We value your privacy and are dedicated to protecting your data.,Benign
95,Take immediate action to prevent your account from being permanently closed.,Malicious
96,We offer a range of customer support options to help you.,Benign
97,Verify your identity to prevent unauthorized access to your account.,Malicious
98,Our security team is constantly working to safeguard your information.,Benign
99,Immediate verification is needed to restore access to your account.,Malicious
100,We provide regular updates and support to ensure your satisfaction.,Benign
101,Your account will incur additional charges if you do not take action now.,Malicious
102,We offer easy-to-follow instructions for managing your subscription.,Benign
103,Your account has been flagged. Please provide additional information to proceed.,Malicious
104,We are dedicated to offering a secure and reliable service to our users.,Benign
105,Immediate action is required to update your account information.,Malicious
106,Our support team is available to assist you with any account-related issues.,Benign
107,Click here to verify your account and continue using our services.,Malicious
108,We strive to maintain the highest standards of data protection.,Benign
109,Your account will be suspended if you do not respond to this alert.,Malicious
110,We provide clear and transparent information about how we use your data.,Benign
111,Immediate payment is necessary to avoid service interruptions.,Malicious
112,Our team is here to support you with any concerns you may have.,Benign
113,Verify your email address to avoid issues with your account.,Malicious
114,We are committed to offering a user-friendly and secure experience.,Benign
115,Your account may be deactivated if you do not verify your information.,Malicious
116,We regularly update our security protocols to protect your data.,Benign
117,To prevent your account from being locked, please confirm your payment details.,Malicious
118,We offer robust customer support to help you with any issues.,Benign
119,Your account will be restricted if you do not take immediate action.,Malicious
120,We take your privacy seriously and are committed to protecting your information.,Benign
121,Your account has been flagged for suspicious activity. Verify your details now.,Malicious  
122,We offer a comprehensive guide to help you navigate our services effectively.,Benign  
123,Immediate action required: Confirm your payment to avoid disruption in service.,Malicious  
124,We value your feedback and strive to improve our services based on your input.,Benign  
125,Your subscription will automatically renew unless you cancel it beforehand.,Malicious  
126,Our support team is available to assist you with any questions about your account.,Benign  
127,Click here to update your account information and continue using our services.,Malicious  
128,We are committed to maintaining the highest standards of security and privacy.,Benign  
129,Your account will be suspended if payment is not received within 24 hours.,Malicious  
130,Enjoy personalized support and resources tailored to your needs.,Benign  
131,Verify your email address to avoid losing access to your account.,Malicious  
132,We offer a seamless process for managing your subscription and settings.,Benign  
133,Your account access is at risk. Please provide the requested information to prevent suspension.,Malicious  
134,We are dedicated to offering a secure and user-friendly experience for all our customers.,Benign  
135,Immediate payment is required to avoid additional fees on your account.,Malicious  
136,Our customer service team is here to help you resolve any issues promptly.,Benign  
137,Your recent activity has triggered a security alert. Confirm your identity to continue.,Malicious  
138,We provide regular updates to ensure the best performance of our services.,Benign  
139,Click this link to confirm your details and restore full access to your account.,Malicious  
140,We take your privacy seriously and work hard to protect your personal information.,Benign  
141,To prevent your account from being closed, please address this issue immediately.,Malicious  
142,Our platform offers robust tools to manage your account and settings.,Benign  
143,Your account will incur a late fee if you do not make the payment now.,Malicious  
144,We are committed to providing you with timely and effective support.,Benign  
145,Immediate action required: Verify your payment details to avoid service interruptions.,Malicious  
146,We offer various options to ensure your subscription meets your needs.,Benign  
147,Your account is at risk of being suspended. Verify your details to prevent this.,Malicious  
148,We continuously improve our security measures to safeguard your information.,Benign  
149,To avoid service disruption, update your account information immediately.,Malicious  
150,Our support team is ready to assist you with any concerns or issues.,Benign  
151,Verify your identity to prevent your account from being locked.,Malicious  
152,We are dedicated to offering a safe and secure platform for all users.,Benign  
153,Click here to resolve the issue with your account and continue enjoying our services.,Malicious  
154,We provide clear and concise information about our data protection practices.,Benign  
155,Your account will be restricted if you do not address this notification.,Malicious  
156,We offer a range of support options to help you with any account issues.,Benign  
157,Immediate verification needed to restore access to your account.,Malicious  
158,We are committed to protecting your privacy with the latest security measures.,Benign  
159,Your subscription will be canceled if you do not update your payment details.,Malicious  
160,Our customer service team is here to help with any questions you may have.,Benign  
161,Verify your account now to avoid being locked out of your services.,Malicious  
162,We are dedicated to providing a secure and user-friendly experience for all our customers.,Benign  
163,To prevent additional charges, make your payment immediately.,Malicious  
164,We offer easy-to-use tools for managing your account and preferences.,Benign  
165,Your account may be deactivated if you do not respond to this alert.,Malicious  
166,We use advanced security technologies to protect your personal data.,Benign  
167,Immediate action required: Confirm your details to avoid service disruption.,Malicious  
168,Our platform provides a secure and efficient way to manage your subscription.,Benign  
169,Your account is at risk. Verify your information to prevent suspension.,Malicious  
170,We offer prompt support to resolve any issues with your account.,Benign  
171,Click here to update your payment information and avoid service interruption.,Malicious  
172,We take pride in offering a transparent and secure service to all users.,Benign  
173,Your account will incur additional fees if you do not make the payment now.,Malicious  
174,Our support team is available to assist you with any technical issues or questions.,Benign  
175,Immediate verification needed to continue using your account.,Malicious  
176,We continuously update our security practices to ensure your data is protected.,Benign  
177,To avoid a service interruption, please verify your payment information now.,Malicious  
178,We offer a user-friendly platform for managing your account and subscription.,Benign  
179,Your account may be suspended if you do not address this issue immediately.,Malicious  
180,We are committed to maintaining the highest levels of data security and privacy.,Benign  
181,Verify your account to prevent any potential issues with your service.,Malicious  
182,Our team is dedicated to providing you with the best customer service experience.,Benign  
183,Immediate action required: Update your payment details to continue enjoying our services.,Malicious  
184,We offer comprehensive resources to help you get the most out of our services.,Benign  
185,Your account is at risk of being closed. Take action now to prevent this.,Malicious  
186,We take data protection seriously and implement robust security measures.,Benign  
187,To prevent additional charges, please make your payment immediately.,Malicious  
188,Our customer service is here to assist you with any account-related issues.,Benign  
189,Click this link to confirm your details and avoid service disruptions.,Malicious  
190,We are committed to offering a secure platform and protecting your personal information.,Benign  
191,Your account will be restricted if you do not provide the requested information.,Malicious  
192,We offer various support options to help you with any technical difficulties.,Benign  
193,Verify your account now to restore full access to your services.,Malicious  
194,We regularly review and update our privacy policies to ensure your protection.,Benign  
195,Immediate verification is needed to avoid further restrictions on your account.,Malicious  
196,We provide easy access to manage your subscription and preferences.,Benign  
197,Your account may be suspended if you do not address this alert immediately.,Malicious  
198,We are dedicated to ensuring a secure and user-friendly experience for all our customers.,Benign  
199,Click here to resolve the issue with your payment and continue using our services.,Malicious  
200,Our support team is available 24/7 to assist with any account-related questions or concerns.,Benign
201,Your account will be locked if you do not verify your identity within 24 hours.,Malicious
202,We offer a range of customer support services to assist you with any issues.,Benign
203,Immediate action is required to prevent your account from being suspended.,Malicious
204,We are committed to providing a secure and user-friendly experience for all our users.,Benign
205,Verify your payment details now to avoid any interruptions in service.,Malicious
206,Our platform provides comprehensive tools for managing your subscription and settings.,Benign
207,Your account may be deactivated if you do not respond to this urgent message.,Malicious
208,We take your privacy seriously and use advanced security measures to protect your data.,Benign
209,Click here to confirm your details and avoid any service interruptions.,Malicious
210,Our customer support team is available to help you with any technical issues.,Benign
211,Immediate payment is necessary to avoid additional fees on your account.,Malicious
212,We offer a secure platform for managing your personal and financial information.,Benign
213,Your account will be suspended if you do not update your payment information now.,Malicious
214,We provide easy access to our support resources to help you with any questions.,Benign
215,Verify your account to prevent any potential issues with your services.,Malicious
216,We are dedicated to maintaining the highest standards of data protection.,Benign
217,To avoid a service disruption, please address this issue immediately.,Malicious
218,Our team is here to assist you with any concerns or technical difficulties.,Benign
219,Click this link to resolve the issue with your account and restore full access.,Malicious
220,We are committed to safeguarding your personal information with robust security measures.,Benign
221,Your account will incur a late fee if you do not take action now.,Malicious
222,We offer a range of support options to ensure you have the assistance you need.,Benign
223,Immediate verification needed to continue using your account without restrictions.,Malicious
224,We provide regular updates to enhance your experience and security.,Benign
225,Your account is at risk of being closed if you do not confirm your details.,Malicious
226,We take pride in offering a transparent and secure platform for our users.,Benign
227,To avoid additional charges, please verify your payment details now.,Malicious
228,Our customer support team is available around the clock to assist you.,Benign
229,Immediate action required: Confirm your account details to prevent suspension.,Malicious
230,We offer secure and easy-to-use tools for managing your subscription.,Benign
231,Your account will be restricted if you do not address this notification immediately.,Malicious
232,We continuously improve our security measures to protect your personal data.,Benign
233,Click here to update your payment information and avoid service interruptions.,Malicious
234,We are committed to providing you with the best possible support and service.,Benign
235,Verify your identity now to prevent any disruptions to your account.,Malicious
236,We offer a seamless process for managing your subscription and preferences.,Benign
237,Your account will be suspended if you do not respond to this urgent alert.,Malicious
238,We prioritize your privacy and use advanced security protocols to safeguard your information.,Benign
239,Immediate payment is required to avoid additional fees on your account.,Malicious
240,Our support team is here to help you with any issues you may encounter.,Benign
241,Verify your payment details to continue enjoying uninterrupted service.,Malicious
242,We offer a variety of customer support options to assist with any problems.,Benign
243,Your account is at risk of being deactivated. Verify your information to prevent this.,Malicious
244,We are dedicated to maintaining a secure and user-friendly experience for all users.,Benign
245,Click this link to confirm your details and restore access to your account.,Malicious
246,We regularly update our privacy policies to ensure your data is protected.,Benign
247,Immediate verification is needed to avoid further restrictions on your account.,Malicious
248,Our platform offers robust tools to help you manage your account efficiently.,Benign
249,Your account will be restricted if you do not address this issue promptly.,Malicious
250,We provide excellent customer service to resolve any issues or concerns.,Benign
251,Verify your details now to avoid losing access to your account.,Malicious
252,We are committed to offering a secure and transparent service to all users.,Benign
253,To prevent additional charges, please update your payment information immediately.,Malicious
254,Our team is available to assist with any questions or issues you may have.,Benign
255,Immediate action required: Confirm your account details to avoid suspension.,Malicious
256,We offer easy-to-use tools for managing your subscription and account settings.,Benign
257,Your account may be suspended if you do not respond to this alert right away.,Malicious
258,We use the latest security technologies to protect your personal information.,Benign
259,Click here to update your account details and continue using our services.,Malicious
260,Our customer support is available to assist with any issues or technical difficulties.,Benign
261,Immediate verification is required to continue accessing your account.,Malicious
262,We are dedicated to ensuring your data is protected with advanced security measures.,Benign
263,To avoid a service disruption, please address this notification immediately.,Malicious
264,We provide clear and transparent information about how we protect your data.,Benign
265,Your account will be locked if you do not make the payment now.,Malicious
266,Our team is here to support you with any account-related questions or concerns.,Benign
267,Verify your payment details now to avoid any interruptions in your service.,Malicious
268,We offer a comprehensive range of support options to help you with any issues.,Benign
269,Your account is at risk of being deactivated if you do not confirm your details.,Malicious
270,We are committed to offering a secure and user-friendly experience for all our users.,Benign
271,Click this link to resolve the issue with your payment and restore access.,Malicious
272,We prioritize your privacy and implement robust measures to protect your data.,Benign
273,Immediate action needed to prevent additional fees on your account.,Malicious
274,Our support team is available to assist you with any questions or technical issues.,Benign
275,Verify your identity now to avoid losing access to your account.,Malicious
276,We provide regular updates to enhance the security and performance of our services.,Benign
277,Your account will be suspended if you do not address this urgent issue.,Malicious
278,We are dedicated to maintaining the highest standards of data protection for our users.,Benign
279,To avoid additional charges, update your payment details immediately.,Malicious
280,Our customer support team is ready to help with any problems you may encounter.,Benign
281,Immediate verification is needed to restore full access to your account.,Malicious
282,We offer various support options to ensure you receive the assistance you need.,Benign
283,Your account may be restricted if you do not respond to this notification.,Malicious
284,We are committed to offering a secure and reliable platform for all our users.,Benign
285,Click here to update your payment information and avoid service disruptions.,Malicious
286,Our support team is available 24/7 to assist you with any account-related issues.,Benign
287,Verify your details now to continue using our services without interruptions.,Malicious
288,We provide comprehensive support resources to help you with any technical difficulties.,Benign
289,Your account will be deactivated if you do not address this issue promptly.,Malicious
290,We use advanced security measures to protect your personal and financial information.,Benign
291,Immediate payment is required to avoid additional fees on your account.,Malicious
292,Our team is here to help you with any questions or concerns regarding your account.,Benign
293,Verify your payment details to continue enjoying uninterrupted service.,Malicious
294,We offer easy-to-access support resources to assist with any issues.,Benign
295,Your account is at risk of being closed. Confirm your details to prevent this.,Malicious
296,We are committed to providing a secure and user-friendly experience for all users.,Benign
297,Click this link to resolve the issue with your account and restore full access.,Malicious
298,We prioritize data protection and use state-of-the-art security technologies.,Benign
299,Immediate verification needed to avoid further restrictions on your account.,Malicious
300,We offer various tools and resources to manage your subscription effectively.,Benign
301,Your account will be locked if you do not confirm your payment details within 24 hours.,Malicious
302,We offer 24/7 customer support to assist with any account-related issues.,Benign
303,Immediate action is required to prevent your account from being suspended.,Malicious
304,We are dedicated to ensuring your data is protected with the latest security technologies.,Benign
305,Verify your details now to avoid service interruptions.,Malicious
306,Our platform provides user-friendly tools to help you manage your subscription and settings.,Benign
307,Your account will be deactivated if you do not address this issue immediately.,Malicious
308,We take your privacy seriously and implement robust measures to safeguard your information.,Benign
309,Click here to confirm your details and restore access to your account.,Malicious
310,We are committed to offering a secure and reliable service for all users.,Benign
311,Immediate payment is necessary to avoid additional charges on your account.,Malicious
312,Our support team is here to assist you with any concerns or technical difficulties.,Benign
313,Verify your payment information to continue enjoying uninterrupted service.,Malicious
314,We offer a range of resources to help you with any questions or issues.,Benign
315,Your account is at risk of being suspended. Confirm your details to prevent this.,Malicious
316,We continuously update our security measures to protect your personal data.,Benign
317,To avoid service disruption, please address this issue promptly.,Malicious
318,We provide clear and transparent information about our data protection practices.,Benign
319,Your account will be locked if you do not make the payment now.,Malicious
320,Our customer service team is available around the clock to assist you.,Benign
321,Immediate verification needed to avoid further restrictions on your account.,Malicious
322,We offer comprehensive tools for managing your account and preferences.,Benign
323,Your account may be restricted if you do not respond to this urgent alert.,Malicious
324,We are dedicated to offering a secure platform and protecting your personal information.,Benign
325,Click this link to update your payment details and continue using our services.,Malicious
326,We provide excellent customer support to help you resolve any issues.,Benign
327,Immediate action required: Verify your account to prevent suspension.,Malicious
328,We are committed to maintaining the highest standards of data protection for our users.,Benign
329,To avoid additional charges, please update your payment information now.,Malicious
330,Our support team is here to help with any account-related questions or concerns.,Benign
331,Verify your identity now to prevent disruptions to your account.,Malicious
332,We offer easy-to-use resources for managing your subscription and settings.,Benign
333,Your account will be suspended if you do not address this notification immediately.,Malicious
334,We take pride in offering a transparent and secure platform for our users.,Benign
335,Immediate payment is required to avoid extra fees on your account.,Malicious
336,Our team is available to assist with any questions or technical issues you may have.,Benign
337,Verify your payment details to continue enjoying uninterrupted service.,Malicious
338,We offer a variety of support options to ensure you have the assistance you need.,Benign
339,Your account is at risk of being closed if you do not confirm your details.,Malicious
340,We are dedicated to providing a secure and user-friendly experience for all our customers.,Benign
341,Click here to resolve the issue with your payment and restore full access.,Malicious
342,We prioritize your privacy and implement advanced security measures to protect your data.,Benign
343,Immediate verification is needed to avoid further restrictions on your account.,Malicious
344,We provide comprehensive tools to help you manage your subscription effectively.,Benign
345,Your account will be restricted if you do not address this issue promptly.,Malicious
346,We are committed to maintaining a secure and transparent platform for our users.,Benign
347,To prevent additional charges, update your payment details immediately.,Malicious
348,Our support team is available 24/7 to assist with any account-related issues.,Benign
349,Verify your details now to continue using our services without interruption.,Malicious
350,We offer various resources to help you with any technical difficulties.,Benign
351,Your account may be deactivated if you do not address this urgent issue.,Malicious
352,We use the latest security technologies to safeguard your personal and financial information.,Benign
353,Immediate action is required to prevent additional fees on your account.,Malicious
354,Our customer service team is here to assist with any questions or concerns.,Benign
355,Verify your payment details to continue enjoying our services.,Malicious
356,We provide easy-to-access support resources to resolve any issues you may encounter.,Benign
357,Your account is at risk of being closed. Confirm your details to avoid this.,Malicious
358,We are committed to providing a secure and reliable platform for all our users.,Benign
359,Click this link to update your payment information and avoid service disruptions.,Malicious
360,Our support team is available around the clock to help you with any account-related problems.,Benign
361,Verify your identity now to avoid losing access to your account.,Malicious
362,We offer a seamless process for managing your subscription and account settings.,Benign
363,Your account will be suspended if you do not respond to this urgent alert.,Malicious
364,We prioritize data protection and use state-of-the-art security technologies.,Benign
365,Immediate payment is required to avoid additional charges on your account.,Malicious
366,Our team is here to support you with any questions or technical issues.,Benign
367,Verify your payment details to continue enjoying uninterrupted service.,Malicious
368,We offer a range of customer support options to assist with any problems.,Benign
369,Your account is at risk of being deactivated if you do not confirm your details.,Malicious
370,We are dedicated to offering a secure and user-friendly experience for all our users.,Benign
371,Click this link to resolve the issue with your account and restore access.,Malicious
372,We implement advanced security measures to ensure your data is protected.,Benign
373,Immediate verification is needed to avoid further restrictions on your account.,Malicious
374,We provide various tools to manage your subscription and account settings effectively.,Benign
375,Your account will be restricted if you do not address this issue immediately.,Malicious
376,We are committed to maintaining a secure and transparent platform for all our users.,Benign
377,To avoid additional charges, update your payment details now.,Malicious
378,Our customer support team is available 24/7 to assist with any account-related issues.,Benign
379,Verify your details now to continue using our services without interruptions.,Malicious
380,We offer easy-to-use resources for managing your subscription and preferences.,Benign
381,Your account may be suspended if you do not address this urgent notification.,Malicious
382,We use advanced security technologies to protect your personal and financial information.,Benign
383,Immediate action required: Verify your account details to avoid suspension.,Malicious
384,Our support team is here to help with any issues or concerns you may have.,Benign
385,Verify your payment details to continue enjoying our services.,Malicious
386,We offer a variety of support options to ensure you have the help you need.,Benign
387,Your account is at risk of being closed if you do not confirm your details.,Malicious
388,We are dedicated to providing a secure and reliable platform for all our users.,Benign
389,Click here to update your payment information and avoid service disruptions.,Malicious
390,Our team is available around the clock to assist with any account-related problems.,Benign
391,Verify your identity now to avoid losing access to your account.,Malicious
392,We offer a seamless process for managing your subscription and account settings.,Benign
393,Your account will be suspended if you do not respond to this urgent alert.,Malicious
394,We prioritize data protection and use state-of-the-art security technologies.,Benign
395,Immediate payment is required to avoid additional charges on your account.,Malicious
396,Our team is here to support you with any questions or technical issues.,Benign
397,Verify your payment details to continue enjoying uninterrupted service.,Malicious
398,We offer a range of customer support options to assist with any problems.,Benign
399,Your account is at risk of being deactivated if you do not confirm your details.,Malicious
400,We are dedicated to offering a secure and user-friendly experience for all our users.,Benign
401,Your account will be suspended if you do not update your payment information immediately.,Malicious
402,We provide comprehensive support to help you with any account-related issues.,Benign
403,Immediate verification is required to avoid losing access to your account.,Malicious
404,We are committed to ensuring your data is protected with the highest security standards.,Benign
405,Click here to verify your details and avoid interruptions in service.,Malicious
406,Our support team is available 24/7 to assist with any technical issues.,Benign
407,Your account will incur a late fee if payment is not made promptly.,Malicious
408,We offer easy-to-use tools for managing your subscription and preferences.,Benign
409,Verify your payment information now to prevent additional fees.,Malicious
410,Our platform provides a secure and reliable experience for all users.,Benign
411,Your account may be locked if you do not address this issue immediately.,Malicious
412,We are dedicated to protecting your personal data with advanced security measures.,Benign
413,Immediate action required: Confirm your account details to avoid suspension.,Malicious
414,Our customer support team is here to help you with any concerns or questions.,Benign
415,Click this link to update your payment details and continue using our services.,Malicious
416,We take data protection seriously and offer robust security for your information.,Benign
417,Your account will be restricted if you do not verify your details now.,Malicious
418,We provide various resources to assist you with any technical difficulties.,Benign
419,Verify your identity now to prevent disruptions to your service.,Malicious
420,Our platform offers a seamless experience for managing your subscription.,Benign
421,Immediate payment is required to avoid additional charges on your account.,Malicious
422,Our team is available to support you with any account-related issues.,Benign
423,Click here to resolve the issue with your payment and restore full access.,Malicious
424,We prioritize your privacy and use the latest technologies to protect your data.,Benign
425,Your account will be suspended if you do not address this urgent notification.,Malicious
426,We offer clear and transparent information about our data protection practices.,Benign
427,Immediate verification needed to continue accessing your account.,Malicious
428,We provide comprehensive tools for managing your subscription and settings.,Benign
429,Your account is at risk of being closed if you do not confirm your details.,Malicious
430,We are dedicated to offering a secure and user-friendly platform for all our users.,Benign
431,Click this link to update your payment information and avoid service disruptions.,Malicious
432,Our support team is available around the clock to assist with any issues.,Benign
433,Verify your details now to continue using our services without interruptions.,Malicious
434,We offer various support options to help with any technical difficulties.,Benign
435,Your account may be restricted if you do not respond to this alert immediately.,Malicious
436,We are committed to maintaining the highest standards of data protection.,Benign
437,Immediate action required: Confirm your account details to avoid further issues.,Malicious
438,Our team is here to assist with any questions or concerns regarding your account.,Benign
439,Verify your payment details now to avoid additional fees on your account.,Malicious
440,We offer a range of resources to help you with any issues or technical difficulties.,Benign
441,Your account will be deactivated if you do not address this urgent matter.,Malicious
442,We implement advanced security measures to ensure your data is safe.,Benign
443,Click this link to verify your account details and restore full access.,Malicious
444,Our support team is available 24/7 to assist you with any problems.,Benign
445,Immediate verification needed to avoid restrictions on your account.,Malicious
446,We offer comprehensive tools for managing your subscription and account settings.,Benign
447,Your account may be suspended if you do not address this notification immediately.,Malicious
448,We are committed to providing a secure and reliable platform for all our users.,Benign
449,To avoid additional charges, please update your payment details now.,Malicious
450,Our customer support team is here to help with any questions or concerns you may have.,Benign
451,Verify your details now to prevent service interruptions.,Malicious
452,We offer user-friendly tools for managing your subscription and account settings.,Benign
453,Your account will be restricted if you do not respond to this urgent alert.,Malicious
454,We prioritize data protection and use state-of-the-art security technologies.,Benign
455,Immediate payment is required to avoid extra fees on your account.,Malicious
456,Our team is available around the clock to assist with any account-related problems.,Benign
457,Verify your payment details to continue enjoying uninterrupted service.,Malicious
458,We provide easy-to-access support resources to help with any issues.,Benign
459,Your account is at risk of being closed if you do not confirm your details.,Malicious
460,We are dedicated to offering a secure and user-friendly experience for all our users.,Benign
461,Click here to update your payment information and avoid service disruptions.,Malicious
462,Our support team is available 24/7 to assist with any account-related issues.,Benign
463,Immediate verification is needed to restore full access to your account.,Malicious
464,We offer various resources to manage your subscription and settings effectively.,Benign
465,Your account will be suspended if you do not address this urgent notification.,Malicious
466,We use the latest security technologies to protect your personal and financial data.,Benign
467,Immediate action required: Verify your account details to avoid suspension.,Malicious
468,Our customer support is here to assist you with any issues or questions.,Benign
469,Verify your payment details now to avoid additional charges on your account.,Malicious
470,We offer a range of support options to assist with any technical difficulties.,Benign
471,Your account is at risk of being deactivated if you do not confirm your details.,Malicious
472,We are committed to providing a secure and reliable platform for all users.,Benign
473,Click this link to resolve the issue with your payment and restore access.,Malicious
474,Our team is available around the clock to support you with any account-related issues.,Benign
475,Verify your identity now to avoid losing access to your account.,Malicious
476,We offer a seamless process for managing your subscription and preferences.,Benign
477,Your account will be restricted if you do not respond to this urgent alert.,Malicious
478,We prioritize data protection and use state-of-the-art security measures.,Benign
479,Immediate payment is required to avoid additional charges on your account.,Malicious
480,Our team is here to support you with any technical issues or questions.,Benign
481,Verify your payment details to continue enjoying uninterrupted service.,Malicious
482,We offer a variety of support options to ensure you have the assistance you need.,Benign
483,Your account is at risk of being closed if you do not confirm your details.,Malicious
484,We are dedicated to offering a secure and user-friendly experience for all users.,Benign
485,Click here to update your payment information and avoid service disruptions.,Malicious
486,Our support team is available 24/7 to help with any account-related problems.,Benign
487,Immediate verification needed to restore full access to your account.,Malicious
488,We offer various tools for managing your subscription and account settings.,Benign
489,Your account will be suspended if you do not address this urgent issue.,Malicious
490,We use advanced security technologies to protect your personal data.,Benign
491,Immediate action is required to avoid additional fees on your account.,Malicious
492,Our team is available around the clock to assist with any technical difficulties.,Benign
493,Verify your payment details now to prevent additional charges.,Malicious
494,We offer a range of support options to help with any issues.,Benign
495,Your account is at risk of being deactivated if you do not confirm your details.,Malicious
496,We are dedicated to providing a secure and reliable platform for all our users.,Benign
497,Click this link to resolve the issue with your payment and restore access.,Malicious
498,Our support team is here to assist with any questions or concerns you may have.,Benign
499,Immediate verification is needed to avoid further restrictions on your account.,Malicious
500,We offer various resources to manage your subscription and preferences effectively.,Benign
501,Your account will be suspended if you do not confirm your payment details within 48 hours.,Malicious
502,We provide 24/7 customer support to help you with any account issues.,Benign
503,Immediate action required: Verify your details to avoid suspension.,Malicious
504,We are committed to protecting your data with advanced security measures.,Benign
505,Click here to verify your information and prevent service interruptions.,Malicious
506,Our platform offers reliable tools for managing your subscription and preferences.,Benign
507,Your account may be locked if you do not address this issue immediately.,Malicious
508,We prioritize your privacy and use state-of-the-art technology to safeguard your information.,Benign
509,Verify your details now to continue using our services without disruptions.,Malicious
510,Our support team is available around the clock to assist with any problems.,Benign
511,Immediate payment is required to avoid additional fees on your account.,Malicious
512,We offer easy-to-use resources to help you manage your subscription and account settings.,Benign
513,Your account will be deactivated if you do not respond to this urgent notification.,Malicious
514,We implement rigorous security protocols to protect your personal data.,Benign
515,Click this link to resolve the issue with your account and restore full access.,Malicious
516,Our support team is here to help you with any concerns or technical difficulties.,Benign
517,Immediate verification needed to prevent restrictions on your account.,Malicious
518,We offer a seamless process for managing your subscription and preferences.,Benign
519,Your account may be suspended if you do not address this urgent issue.,Malicious
520,We are dedicated to offering a secure and reliable experience for all our users.,Benign
521,To avoid additional charges, please update your payment details immediately.,Malicious
522,Our customer support team is available to assist with any questions or concerns.,Benign
523,Verify your identity now to avoid losing access to your account.,Malicious
524,We provide a range of resources to help you with any technical difficulties.,Benign
525,Your account will be restricted if you do not address this issue promptly.,Malicious
526,We take data protection seriously and use the latest security technologies.,Benign
527,Click this link to update your payment information and continue using our services.,Malicious
528,Our support team is available 24/7 to help with any account-related issues.,Benign
529,Immediate verification is required to restore full access to your account.,Malicious
530,We offer various tools for managing your subscription and account settings effectively.,Benign
531,Your account will be suspended if you do not respond to this urgent alert.,Malicious
532,We prioritize data protection and use state-of-the-art security measures.,Benign
533,Immediate payment is needed to avoid additional charges on your account.,Malicious
534,Our team is here to support you with any technical issues or questions.,Benign
535,Verify your payment details now to avoid further fees on your account.,Malicious
536,We offer a variety of support options to assist with any issues.,Benign
537,Your account is at risk of being deactivated if you do not confirm your details.,Malicious
538,We are dedicated to providing a secure and reliable platform for all users.,Benign
539,Click this link to resolve the issue with your payment and restore access.,Malicious
540,Our support team is here to assist with any questions or concerns you may have.,Benign
541,Immediate verification is required to avoid further restrictions on your account.,Malicious
542,We offer various resources for managing your subscription and preferences effectively.,Benign
543,Your account will be restricted if you do not address this urgent issue.,Malicious
544,We use the latest security technologies to safeguard your personal information.,Benign
545,Immediate action required: Verify your account details to avoid suspension.,Malicious
546,Our customer support team is available to help with any account-related issues.,Benign
547,Verify your payment details now to avoid additional fees on your account.,Malicious
548,We offer easy-to-access support resources to assist with any issues.,Benign
549,Your account is at risk of being closed if you do not confirm your details.,Malicious
550,We are committed to providing a secure and user-friendly experience for all our users.,Benign
551,Click here to update your payment information and avoid service disruptions.,Malicious
552,Our support team is available around the clock to help with any account-related problems.,Benign
553,Immediate verification needed to restore full access to your account.,Malicious
554,We offer various tools for managing your subscription and settings effectively.,Benign
555,Your account will be suspended if you do not address this urgent notification.,Malicious
556,We implement advanced security measures to protect your personal data.,Benign
557,Immediate action is required to avoid additional fees on your account.,Malicious
558,Our team is available 24/7 to assist with any technical difficulties.,Benign
559,Verify your payment details now to continue enjoying uninterrupted service.,Malicious
560,We provide a range of support options to help with any issues.,Benign
561,Your account is at risk of being deactivated if you do not confirm your details.,Malicious
562,We are dedicated to offering a secure and reliable platform for all our users.,Benign
563,Click this link to resolve the issue with your payment and restore access.,Malicious
564,Our customer support is here to help with any questions or concerns you may have.,Benign
565,Immediate verification needed to avoid further restrictions on your account.,Malicious
566,We offer various resources for managing your subscription and preferences effectively.,Benign
567,Your account will be restricted if you do not address this issue immediately.,Malicious
568,We use the latest security technologies to protect your personal and financial information.,Benign
569,Immediate action required: Verify your account details to avoid suspension.,Malicious
570,Our team is here to support you with any technical issues or questions.,Benign
571,Verify your payment details now to prevent additional charges on your account.,Malicious
572,We offer a variety of support options to ensure you have the assistance you need.,Benign
573,Your account is at risk of being closed if you do not confirm your details.,Malicious
574,We are committed to providing a secure and user-friendly experience for all our users.,Benign
575,Click here to update your payment information and avoid service disruptions.,Malicious
576,Our support team is available 24/7 to help with any account-related problems.,Benign
577,Immediate verification is needed to restore full access to your account.,Malicious
578,We offer various tools for managing your subscription and account settings.,Benign
579,Your account will be suspended if you do not address this urgent issue.,Malicious
580,We use advanced security technologies to protect your personal data.,Benign
581,Immediate action required to avoid additional fees on your account.,Malicious
582,Our team is available around the clock to assist with any technical difficulties.,Benign
583,Verify your payment details now to continue enjoying uninterrupted service.,Malicious
584,We offer a range of support options to help with any issues.,Benign
585,Your account is at risk of being deactivated if you do not confirm your details.,Malicious
586,We are dedicated to offering a secure and reliable platform for all our users.,Benign
587,Click this link to resolve the issue with your payment and restore access.,Malicious
588,Our customer support is here to assist with any questions or concerns.,Benign
589,Immediate verification needed to avoid further restrictions on your account.,Malicious
590,We offer various resources for managing your subscription and preferences effectively.,Benign
591,Your account will be restricted if you do not address this urgent notification.,Malicious
592,We use the latest security technologies to protect your personal information.,Benign
593,Immediate action required: Verify your account details to avoid suspension.,Malicious
594,Our team is here to support you with any technical issues or questions.,Benign
595,Verify your payment details now to avoid additional fees on your account.,Malicious
596,We offer a variety of support options to ensure you receive the assistance you need.,Benign
597,Your account is at risk of being closed if you do not confirm your details.,Malicious
598,We are committed to providing a secure and user-friendly experience for all users.,Benign
599,Click here to update your payment information and avoid service disruptions.,Malicious
600,Our support team is available 24/7 to help with any account-related problems.,Benign
601,Your account will be deactivated if you do not update your payment information within 24 hours.,Malicious
602,We offer comprehensive customer support to assist with any account-related issues.,Benign
603,Immediate action required: Verify your details to prevent account suspension.,Malicious
604,We are committed to protecting your personal information with the highest security standards.,Benign
605,Click here to verify your details and avoid service interruptions.,Malicious
606,Our platform provides reliable tools for managing your subscription and preferences.,Benign
607,Your account may be locked if you do not address this issue immediately.,Malicious
608,We prioritize your privacy and use state-of-the-art technology to safeguard your data.,Benign
609,Verify your details now to continue enjoying our services without disruptions.,Malicious
610,Our support team is available around the clock to assist with any problems.,Benign
611,Immediate payment is needed to avoid additional fees on your account.,Malicious
612,We offer user-friendly resources to help you manage your subscription and account settings.,Benign
613,Your account will be suspended if you do not respond to this urgent notification.,Malicious
614,We implement rigorous security protocols to ensure your personal data is protected.,Benign
615,Click this link to resolve the issue with your account and restore full access.,Malicious
616,Our support team is here to help you with any technical difficulties or concerns.,Benign
617,Immediate verification needed to prevent restrictions on your account.,Malicious
618,We offer a seamless process for managing your subscription and preferences.,Benign
619,Your account may be suspended if you do not address this urgent issue.,Malicious
620,We are dedicated to providing a secure and reliable experience for all users.,Benign
621,To avoid additional charges, please update your payment details immediately.,Malicious
622,Our customer support team is available to assist with any questions or concerns.,Benign
623,Verify your identity now to avoid losing access to your account.,Malicious
624,We provide a range of resources to help you with any technical difficulties.,Benign
625,Your account will be restricted if you do not address this issue promptly.,Malicious
626,We take data protection seriously and use the latest security technologies.,Benign
627,Click this link to update your payment information and continue using our services.,Malicious
628,Our support team is available 24/7 to help with any account-related issues.,Benign
629,Immediate verification is required to restore full access to your account.,Malicious
630,We offer various tools for managing your subscription and account settings effectively.,Benign
631,Your account will be suspended if you do not respond to this urgent alert.,Malicious
632,We prioritize data protection and use state-of-the-art security measures.,Benign
633,Immediate payment is needed to avoid additional charges on your account.,Malicious
634,Our team is here to support you with any technical issues or questions.,Benign
635,Verify your payment details now to avoid further fees on your account.,Malicious
636,We offer a variety of support options to assist with any issues.,Benign
637,Your account is at risk of being deactivated if you do not confirm your details.,Malicious
638,We are committed to providing a secure and reliable platform for all users.,Benign
639,Click this link to resolve the issue with your payment and restore access.,Malicious
640,Our support team is here to assist with any questions or concerns you may have.,Benign
641,Immediate verification needed to avoid further restrictions on your account.,Malicious
642,We offer various resources for managing your subscription and preferences effectively.,Benign
643,Your account will be restricted if you do not address this urgent issue.,Malicious
644,We use the latest security technologies to protect your personal information.,Benign
645,Immediate action required: Verify your account details to avoid suspension.,Malicious
646,Our customer support is here to help with any questions or concerns.,Benign
647,Verify your payment details now to avoid additional fees on your account.,Malicious
648,We offer easy-to-access support resources to assist with any issues.,Benign
649,Your account is at risk of being closed if you do not confirm your details.,Malicious
650,We are dedicated to offering a secure and user-friendly experience for all our users.,Benign
651,Click here to update your payment information and avoid service disruptions.,Malicious
652,Our support team is available 24/7 to help with any account-related problems.,Benign
653,Immediate verification is needed to restore full access to your account.,Malicious
654,We offer various tools for managing your subscription and account settings.,Benign
655,Your account will be suspended if you do not address this urgent issue.,Malicious
656,We use advanced security technologies to protect your personal data.,Benign
657,Immediate action required to avoid additional fees on your account.,Malicious
658,Our team is available around the clock to assist with any technical difficulties.,Benign
659,Verify your payment details now to continue enjoying uninterrupted service.,Malicious
660,We offer a range of support options to help with any issues.,Benign
661,Your account is at risk of being deactivated if you do not confirm your details.,Malicious
662,We are committed to offering a secure and reliable platform for all our users.,Benign
663,Click this link to resolve the issue with your payment and restore access.,Malicious
664,Our customer support is here to assist with any questions or concerns.,Benign
665,Immediate verification needed to avoid further restrictions on your account.,Malicious
666,We offer various resources for managing your subscription and preferences effectively.,Benign
667,Your account will be restricted if you do not address this urgent notification.,Malicious
668,We use the latest security technologies to protect your personal information.,Benign
669,Immediate action required: Verify your account details to avoid suspension.,Malicious
670,Our team is here to support you with any technical issues or questions.,Benign
671,Verify your payment details now to avoid additional fees on your account.,Malicious
672,We offer a variety of support options to ensure you receive the assistance you need.,Benign
673,Your account is at risk of being closed if you do not confirm your details.,Malicious
674,We are committed to providing a secure and user-friendly experience for all users.,Benign
675,Click here to update your payment information and avoid service disruptions.,Malicious
676,Our support team is available 24/7 to help with any account-related problems.,Benign
677,Immediate verification is needed to restore full access to your account.,Malicious
678,We offer various tools for managing your subscription and account settings.,Benign
679,Your account will be suspended if you do not address this urgent issue.,Malicious
680,We use advanced security technologies to protect your personal data.,Benign
681,Immediate action required to avoid additional fees on your account.,Malicious
682,Our team is available around the clock to assist with any technical difficulties.,Benign
683,Verify your payment details now to continue enjoying uninterrupted service.,Malicious
684,We offer a range of support options to help with any issues.,Benign
685,Your account is at risk of being deactivated if you do not confirm your details.,Malicious
686,We are dedicated to offering a secure and reliable platform for all our users.,Benign
687,Click this link to resolve the issue with your payment and restore access.,Malicious
688,Our customer support is here to assist with any questions or concerns.,Benign
689,Immediate verification needed to avoid further restrictions on your account.,Malicious
690,We offer various resources for managing your subscription and preferences effectively.,Benign
691,Your account will be restricted if you do not address this urgent notification.,Malicious
692,We use the latest security technologies to protect your personal information.,Benign
693,Immediate action required: Verify your account details to avoid suspension.,Malicious
694,Our team is here to support you with any technical issues or questions.,Benign
695,Verify your payment details now to avoid additional fees on your account.,Malicious
696,We offer a variety of support options to ensure you receive the assistance you need.,Benign
697,Your account is at risk of being closed if you do not confirm your details.,Malicious
698,We are committed to providing a secure and user-friendly experience for all users.,Benign
699,Click here to update your payment information and avoid service disruptions.,Malicious
700,Our support team is available 24/7 to help with any account-related problems.,Benign
701,Your account will be suspended if you do not update your payment information within 48 hours.,Malicious
702,We offer around-the-clock customer support to assist with any issues you may encounter.,Benign
703,Immediate action required: Confirm your details to prevent account deactivation.,Malicious
704,We are dedicated to securing your personal data with the highest standards of protection.,Benign
705,Click here to verify your account details and avoid service interruptions.,Malicious
706,Our platform provides comprehensive tools for managing your subscription and preferences.,Benign
707,Your account may be locked if you do not address this urgent issue immediately.,Malicious
708,We prioritize your privacy and use advanced technology to safeguard your information.,Benign
709,Verify your details now to continue enjoying our services without any disruptions.,Malicious
710,Our support team is available 24/7 to help with any technical issues.,Benign
711,Immediate payment is required to avoid incurring additional fees on your account.,Malicious
712,We offer user-friendly resources to help you manage your subscription and account settings.,Benign
713,Your account will be suspended if you do not respond to this urgent notification.,Malicious
714,We implement rigorous security measures to ensure your personal data is protected.,Benign
715,Click this link to resolve the issue with your account and restore full access.,Malicious
716,Our support team is here to assist you with any technical difficulties or concerns.,Benign
717,Immediate verification needed to prevent restrictions on your account.,Malicious
718,We offer a seamless process for managing your subscription and preferences.,Benign
719,Your account may be suspended if you do not address this urgent issue promptly.,Malicious
720,We are committed to providing a secure and reliable experience for all users.,Benign
721,To avoid additional charges, please update your payment details immediately.,Malicious
722,Our customer support team is available to help with any questions or concerns.,Benign
723,Verify your identity now to prevent losing access to your account.,Malicious
724,We provide a range of resources to assist with any technical difficulties.,Benign
725,Your account will be restricted if you do not address this issue immediately.,Malicious
726,We take data protection seriously and use the latest security technologies.,Benign
727,Click this link to update your payment information and continue using our services.,Malicious
728,Our support team is available 24/7 to help with any account-related issues.,Benign
729,Immediate verification is required to restore full access to your account.,Malicious
730,We offer various tools for managing your subscription and account settings effectively.,Benign
731,Your account will be suspended if you do not respond to this urgent alert.,Malicious
732,We prioritize data protection and use state-of-the-art security measures.,Benign
733,Immediate payment is needed to avoid additional charges on your account.,Malicious
734,Our team is here to support you with any technical issues or questions.,Benign
735,Verify your payment details now to avoid further fees on your account.,Malicious
736,We offer a variety of support options to assist with any issues.,Benign
737,Your account is at risk of being deactivated if you do not confirm your details.,Malicious
738,We are committed to providing a secure and reliable platform for all users.,Benign
739,Click this link to resolve the issue with your payment and restore access.,Malicious
740,Our support team is here to assist with any questions or concerns you may have.,Benign
741,Immediate verification needed to avoid further restrictions on your account.,Malicious
742,We offer various resources for managing your subscription and preferences effectively.,Benign
743,Your account will be restricted if you do not address this urgent issue.,Malicious
744,We use the latest security technologies to protect your personal information.,Benign
745,Immediate action required: Verify your account details to avoid suspension.,Malicious
746,Our customer support is here to help with any questions or concerns.,Benign
747,Verify your payment details now to avoid additional fees on your account.,Malicious
748,We offer easy-to-access support resources to assist with any issues.,Benign
749,Your account is at risk of being closed if you do not confirm your details.,Malicious
750,We are dedicated to offering a secure and user-friendly experience for all our users.,Benign
751,Click here to update your payment information and avoid service disruptions.,Malicious
752,Our support team is available 24/7 to help with any account-related problems.,Benign
753,Immediate verification is needed to restore full access to your account.,Malicious
754,We offer various tools for managing your subscription and account settings.,Benign
755,Your account will be suspended if you do not address this urgent issue.,Malicious
756,We use advanced security technologies to protect your personal data.,Benign
757,Immediate action required to avoid additional fees on your account.,Malicious
758,Our team is available around the clock to assist with any technical difficulties.,Benign
759,Verify your payment details now to continue enjoying uninterrupted service.,Malicious
760,We offer a range of support options to help with any issues.,Benign
761,Your account is at risk of being deactivated if you do not confirm your details.,Malicious
762,We are committed to offering a secure and reliable platform for all our users.,Benign
763,Click this link to resolve the issue with your payment and restore access.,Malicious
764,Our customer support is here to assist with any questions or concerns.,Benign
765,Immediate verification needed to avoid further restrictions on your account.,Malicious
766,We offer various resources for managing your subscription and preferences effectively.,Benign
767,Your account will be restricted if you do not address this urgent notification.,Malicious
768,We use the latest security technologies to protect your personal information.,Benign
769,Immediate action required: Verify your account details to avoid suspension.,Malicious
770,Our team is here to support you with any technical issues or questions.,Benign
771,Verify your payment details now to avoid additional fees on your account.,Malicious
772,We offer a variety of support options to ensure you receive the assistance you need.,Benign
773,Your account is at risk of being closed if you do not confirm your details.,Malicious
774,We are committed to providing a secure and user-friendly experience for all users.,Benign
775,Click here to update your payment information and avoid service disruptions.,Malicious
776,Our support team is available 24/7 to help with any account-related problems.,Benign
777,Immediate verification is needed to restore full access to your account.,Malicious
778,We offer various tools for managing your subscription and account settings.,Benign
779,Your account will be suspended if you do not address this urgent issue.,Malicious
780,We use advanced security technologies to protect your personal data.,Benign
781,Immediate action required to avoid additional fees on your account.,Malicious
782,Our team is available around the clock to assist with any technical difficulties.,Benign
783,Verify your payment details now to continue enjoying uninterrupted service.,Malicious
784,We offer a range of support options to help with any issues.,Benign
785,Your account is at risk of being deactivated if you do not confirm your details.,Malicious
786,We are dedicated to offering a secure and reliable platform for all our users.,Benign
787,Click this link to resolve the issue with your payment and restore access.,Malicious
788,Our customer support is here to assist with any questions or concerns.,Benign
789,Immediate verification needed to avoid further restrictions on your account.,Malicious
790,We offer various resources for managing your subscription and preferences effectively.,Benign
791,Your account will be restricted if you do not address this urgent notification.,Malicious
792,We use the latest security technologies to protect your personal information.,Benign
793,Immediate action required: Verify your account details to avoid suspension.,Malicious
794,Our team is here to support you with any technical issues or questions.,Benign
795,Verify your payment details now to avoid additional fees on your account.,Malicious
796,We offer a variety of support options to ensure you receive the assistance you need.,Benign
797,Your account is at risk of being closed if you do not confirm your details.,Malicious
798,We are committed to providing a secure and user-friendly experience for all users.,Benign
799,Click here to update your payment information and avoid service disruptions.,Malicious
800,Our support team is available 24/7 to help with any account-related problems.,Benign
801,Your account will be suspended if you do not update your payment details within 24 hours.,Malicious
802,We offer dedicated customer support to assist you with any account issues.,Benign
803,Immediate action required: Confirm your details to avoid account deactivation.,Malicious
804,We are committed to protecting your personal data with the highest security measures.,Benign
805,Click here to verify your information and prevent service interruptions.,Malicious
806,Our platform provides comprehensive tools for managing your subscription and preferences.,Benign
807,Your account may be locked if you do not address this urgent issue immediately.,Malicious
808,We prioritize your privacy and use advanced technology to keep your information secure.,Benign
809,Verify your details now to continue enjoying our services without any disruptions.,Malicious
810,Our support team is available 24/7 to assist with any technical difficulties.,Benign
811,Immediate payment is required to avoid incurring additional fees on your account.,Malicious
812,We offer user-friendly resources to help you manage your subscription and account settings.,Benign
813,Your account will be suspended if you do not respond to this urgent notification.,Malicious
814,We implement rigorous security measures to ensure your personal data is protected.,Benign
815,Click this link to resolve the issue with your account and restore full access.,Malicious
816,Our support team is here to help with any technical difficulties or concerns.,Benign
817,Immediate verification needed to prevent restrictions on your account.,Malicious
818,We offer a seamless process for managing your subscription and preferences.,Benign
819,Your account may be suspended if you do not address this urgent issue promptly.,Malicious
820,We are committed to providing a secure and reliable experience for all users.,Benign
821,To avoid additional charges, please update your payment details immediately.,Malicious
822,Our customer support team is available to assist with any questions or concerns.,Benign
823,Verify your identity now to prevent losing access to your account.,Malicious
824,We provide a range of resources to help with any technical difficulties.,Benign
825,Your account will be restricted if you do not address this issue immediately.,Malicious
826,We take data protection seriously and use the latest security technologies.,Benign
827,Click this link to update your payment information and continue using our services.,Malicious
828,Our support team is available 24/7 to help with any account-related issues.,Benign
829,Immediate verification is required to restore full access to your account.,Malicious
830,We offer various tools for managing your subscription and account settings effectively.,Benign
831,Your account will be suspended if you do not respond to this urgent alert.,Malicious
832,We prioritize data protection and use state-of-the-art security measures.,Benign
833,Immediate payment is needed to avoid additional charges on your account.,Malicious
834,Our team is here to support you with any technical issues or questions.,Benign
835,Verify your payment details now to avoid further fees on your account.,Malicious
836,We offer a variety of support options to assist with any issues.,Benign
837,Your account is at risk of being deactivated if you do not confirm your details.,Malicious
838,We are committed to providing a secure and reliable platform for all users.,Benign
839,Click this link to resolve the issue with your payment and restore access.,Malicious
840,Our support team is here to assist with any questions or concerns you may have.,Benign
841,Immediate verification needed to avoid further restrictions on your account.,Malicious
842,We offer various resources for managing your subscription and preferences effectively.,Benign
843,Your account will be restricted if you do not address this urgent issue.,Malicious
844,We use the latest security technologies to protect your personal information.,Benign
845,Immediate action required: Verify your account details to avoid suspension.,Malicious
846,Our customer support is here to help with any questions or concerns.,Benign
847,Verify your payment details now to avoid additional fees on your account.,Malicious
848,We offer easy-to-access support resources to assist with any issues.,Benign
849,Your account is at risk of being closed if you do not confirm your details.,Malicious
850,We are dedicated to offering a secure and user-friendly experience for all our users.,Benign
851,Click here to update your payment information and avoid service disruptions.,Malicious
852,Our support team is available 24/7 to help with any account-related problems.,Benign
853,Immediate verification is needed to restore full access to your account.,Malicious
854,We offer various tools for managing your subscription and account settings.,Benign
855,Your account will be suspended if you do not address this urgent issue.,Malicious
856,We use advanced security technologies to protect your personal data.,Benign
857,Immediate action required to avoid additional fees on your account.,Malicious
858,Our team is available around the clock to assist with any technical difficulties.,Benign
859,Verify your payment details now to continue enjoying uninterrupted service.,Malicious
860,We offer a range of support options to help with any issues.,Benign
861,Your account is at risk of being deactivated if you do not confirm your details.,Malicious
862,We are committed to offering a secure and reliable platform for all our users.,Benign
863,Click this link to resolve the issue with your payment and restore access.,Malicious
864,Our customer support is here to assist with any questions or concerns.,Benign
865,Immediate verification needed to avoid further restrictions on your account.,Malicious
866,We offer various resources for managing your subscription and preferences effectively.,Benign
867,Your account will be restricted if you do not address this urgent notification.,Malicious
868,We use the latest security technologies to protect your personal information.,Benign
869,Immediate action required: Verify your account details to avoid suspension.,Malicious
870,Our team is here to support you with any technical issues or questions.,Benign
871,Verify your payment details now to avoid additional fees on your account.,Malicious
872,We offer a variety of support options to ensure you receive the assistance you need.,Benign
873,Your account is at risk of being closed if you do not confirm your details.,Malicious
874,We are committed to providing a secure and user-friendly experience for all users.,Benign
875,Click here to update your payment information and avoid service disruptions.,Malicious
876,Our support team is available 24/7 to help with any account-related problems.,Benign
877,Immediate verification is needed to restore full access to your account.,Malicious
878,We offer various tools for managing your subscription and account settings.,Benign
879,Your account will be suspended if you do not address this urgent issue.,Malicious
880,We use advanced security technologies to protect your personal data.,Benign
881,Immediate action required to avoid additional fees on your account.,Malicious
882,Our team is available around the clock to assist with any technical difficulties.,Benign
883,Verify your payment details now to continue enjoying uninterrupted service.,Malicious
884,We offer a range of support options to help with any issues.,Benign
885,Your account is at risk of being deactivated if you do not confirm your details.,Malicious
886,We are dedicated to offering a secure and reliable platform for all our users.,Benign
887,Click this link to resolve the issue with your payment and restore access.,Malicious
888,Our customer support is here to assist with any questions or concerns.,Benign
889,Immediate verification needed to avoid further restrictions on your account.,Malicious
890,We offer various resources for managing your subscription and preferences effectively.,Benign
891,Your account will be restricted if you do not address this urgent notification.,Malicious
892,We use the latest security technologies to protect your personal information.,Benign
893,Immediate action required: Verify your account details to avoid suspension.,Malicious
894,Our team is here to support you with any technical issues or questions.,Benign
895,Verify your payment details now to avoid additional fees on your account.,Malicious
896,We offer a variety of support options to ensure you receive the assistance you need.,Benign
897,Your account is at risk of being closed if you do not confirm your details.,Malicious
898,We are committed to providing a secure and user-friendly experience for all users.,Benign
899,Click here to update your payment information and avoid service disruptions.,Malicious
900,Our support team is available 24/7 to help with any account-related problems.,Benign
901,Your account will be deactivated if you do not verify your details within 48 hours.,Malicious
902,We offer dedicated customer support to resolve any issues with your account.,Benign
903,Immediate action required: Confirm your information to prevent account suspension.,Malicious
904,We are committed to safeguarding your personal data with the highest security measures.,Benign
905,Click here to verify your account details and avoid service disruptions.,Malicious
906,Our platform provides comprehensive resources for managing your subscription and preferences.,Benign
907,Your account may be locked if you do not address this urgent issue promptly.,Malicious
908,We prioritize your privacy and use advanced technology to protect your information.,Benign
909,Verify your details now to continue enjoying our services without interruptions.,Malicious
910,Our support team is available 24/7 to assist with any technical difficulties.,Benign
911,Immediate payment is required to prevent additional fees on your account.,Malicious
912,We offer user-friendly tools to help you manage your subscription and account settings.,Benign
913,Your account will be suspended if you do not respond to this urgent notification.,Malicious
914,We implement rigorous security protocols to ensure your personal data is protected.,Benign
915,Click this link to resolve the issue with your account and regain full access.,Malicious
916,Our support team is here to help with any technical difficulties or concerns.,Benign
917,Immediate verification needed to prevent restrictions on your account.,Malicious
918,We offer a seamless process for managing your subscription and preferences.,Benign
919,Your account may be suspended if you do not address this urgent issue promptly.,Malicious
920,We are committed to providing a secure and reliable experience for all users.,Benign
921,To avoid additional charges, please update your payment information immediately.,Malicious
922,Our customer support team is available to assist with any questions or concerns.,Benign
923,Verify your identity now to prevent losing access to your account.,Malicious
924,We provide a range of resources to help with any technical difficulties.,Benign
925,Your account will be restricted if you do not address this issue immediately.,Malicious
926,We take data protection seriously and use the latest security technologies.,Benign
927,Click this link to update your payment information and continue using our services.,Malicious
928,Our support team is available 24/7 to help with any account-related issues.,Benign
929,Immediate verification is required to restore full access to your account.,Malicious
930,We offer various tools for managing your subscription and account settings effectively.,Benign
931,Your account will be suspended if you do not respond to this urgent alert.,Malicious
932,We prioritize data protection and use state-of-the-art security measures.,Benign
933,Immediate payment is needed to avoid additional charges on your account.,Malicious
934,Our team is here to support you with any technical issues or questions.,Benign
935,Verify your payment details now to avoid further fees on your account.,Malicious
936,We offer a variety of support options to assist with any issues.,Benign
937,Your account is at risk of being deactivated if you do not confirm your details.,Malicious
938,We are committed to providing a secure and reliable platform for all users.,Benign
939,Click this link to resolve the issue with your payment and restore access.,Malicious
940,Our support team is here to assist with any questions or concerns you may have.,Benign
941,Immediate verification needed to avoid further restrictions on your account.,Malicious
942,We offer various resources for managing your subscription and preferences effectively.,Benign
943,Your account will be restricted if you do not address this urgent issue.,Malicious
944,We use the latest security technologies to protect your personal information.,Benign
945,Immediate action required: Verify your account details to avoid suspension.,Malicious
946,Our customer support is here to help with any questions or concerns.,Benign
947,Verify your payment details now to avoid additional fees on your account.,Malicious
948,We offer easy-to-access support resources to assist with any issues.,Benign
949,Your account is at risk of being closed if you do not confirm your details.,Malicious
950,We are dedicated to offering a secure and user-friendly experience for all our users.,Benign
951,Click here to update your payment information and avoid service disruptions.,Malicious
952,Our support team is available 24/7 to help with any account-related problems.,Benign
953,Immediate verification is needed to restore full access to your account.,Malicious
954,We offer various tools for managing your subscription and account settings.,Benign
955,Your account will be suspended if you do not address this urgent issue.,Malicious
956,We use advanced security technologies to protect your personal data.,Benign
957,Immediate action required to avoid additional fees on your account.,Malicious
958,Our team is available around the clock to assist with any technical difficulties.,Benign
959,Verify your payment details now to continue enjoying uninterrupted service.,Malicious
960,We offer a range of support options to help with any issues.,Benign
961,Your account is at risk of being deactivated if you do not confirm your details.,Malicious
962,We are committed to offering a secure and reliable platform for all our users.,Benign
963,Click this link to resolve the issue with your payment and restore access.,Malicious
964,Our customer support is here to assist with any questions or concerns.,Benign
965,Immediate verification needed to avoid further restrictions on your account.,Malicious
966,We offer various resources for managing your subscription and preferences effectively.,Benign
967,Your account will be restricted if you do not address this urgent notification.,Malicious
968,We use the latest security technologies to protect your personal information.,Benign
969,Immediate action required: Verify your account details to avoid suspension.,Malicious
970,Our team is here to support you with any technical issues or questions.,Benign
971,Verify your payment details now to avoid additional fees on your account.,Malicious
972,We offer a variety of support options to ensure you receive the assistance you need.,Benign
973,Your account is at risk of being closed if you do not confirm your details.,Malicious
974,We are committed to providing a secure and user-friendly experience for all users.,Benign
975,Click here to update your payment information and avoid service disruptions.,Malicious
976,Our support team is available 24/7 to help with any account-related problems.,Benign
977,Immediate verification is needed to restore full access to your account.,Malicious
978,We offer various tools for managing your subscription and account settings.,Benign
979,Your account will be suspended if you do not address this urgent issue.,Malicious
980,We use advanced security technologies to protect your personal data.,Benign
981,Immediate action required to avoid additional fees on your account.,Malicious
982,Our team is available around the clock to assist with any technical difficulties.,Benign
983,Verify your payment details now to continue enjoying uninterrupted service.,Malicious
984,We offer a range of support options to help with any issues.,Benign
985,Your account is at risk of being deactivated if you do not confirm your details.,Malicious
986,We are dedicated to offering a secure and reliable platform for all our users.,Benign
987,Click this link to resolve the issue with your payment and restore access.,Malicious
988,Our customer support is here to assist with any questions or concerns.,Benign
989,Immediate verification needed to avoid further restrictions on your account.,Malicious
990,We offer various resources for managing your subscription and preferences effectively.,Benign
991,Your account will be restricted if you do not address this urgent notification.,Malicious
992,We use the latest security technologies to protect your personal information.,Benign
993,Immediate action required: Verify your account details to avoid suspension.,Malicious
994,Our team is here to support you with any technical issues or questions.,Benign
995,Verify your payment details now to avoid additional fees on your account.,Malicious
996,We offer a variety of support options to ensure you receive the assistance you need.,Benign
997,Your account is at risk of being closed if you do not confirm your details.,Malicious
998,We are committed to providing a secure and user-friendly experience for all users.,Benign
999,Click here to update your payment information and avoid service disruptions.,Malicious
1000,Our support team is available 24/7 to help with any account-related problems.,Benign